Date,Mood
2025-04-22,Happy
2025-04-21,Sad
2025-04-20,Happy
2025-04-19,Neutral
2025-04-18,Happy
2025-04-17,Angry
2025-04-16,Happy
2025-04-15,Happy
2025-04-14,Sad
2025-04-13,Neutral
2025-04-12,Happy
2025-04-11,Happy
2025-04-10,Angry
2025-04-09,Sad
2025-04-08,Happy
2025-04-07,Happy
2025-04-06,Neutral
2025-04-05,Happy
2025-04-04,Sad
2025-04-03,Happy
2025-04-02,Angry
2025-04-01,Happy
2025-03-31,Neutral
2025-03-30,Happy
2025-03-29,Happy
2025-03-28,Sad
2025-03-27,Happy
2025-03-26,Angry
2025-03-25,Happy
2025-03-24,Neutral
2025-03-23,Happy
